<?xml version="1.0" encoding="UTF-8"?>
<beans xmlns="http://www.springframework.org/schema/beans"
	xmlns:xsi="http://www.w3.org/2001/XMLSchema-instance"
	xmlns:context="http://www.springframework.org/schema/context"
	xsi:schemaLocation="http://www.springframework.org/schema/beans http://www.springframework.org/schema/beans/spring-beans.xsd
		http://www.springframework.org/schema/context http://www.springframework.org/schema/context/spring-context-4.3.xsd">
	<!--  Permitir configuración basada en anotaciones -->
	<context:annotation-config/>
	<context:component-scan base-package="dao"/>
	<!-- 
	<bean id="agendaService" class="service.AgendaServiceJdbcImpl"></bean>
	 -->
	 
	 
	<bean id="data"
		class="org.springframework.jdbc.datasource.DriverManagerDataSource">
		<property name="driverClassName"
			value="com.mysql.jdbc.Driver">
		</property>
		<property name="url"
			value="jdbc:mysql://localhost:3306/agenda2">
		</property>
		<property name="username" value="root"></property>
		<property name="password" value="root"></property>
	</bean>
	
	<!--  adaptador jpa hibernape -->
	
	<bean id="adaptador"
		class="org.springframework.orm.jpa.vendor.HibernateJpaVendorAdapter">
		<property name="databasePlatform"
			value="org.hibernate.dialect.MySQLDialect">
		</property>
	</bean>
	
	<!-- configuración JPA -->
	<!-- factoria de persistencia -->
	
	
	
	<bean id="factory"
		class="org.springframework.orm.jpa.LocalContainerEntityManagerFactoryBean">
		<property name="dataSource" ref="data"></property>
		<property name="jpaVendorAdapter" ref="adaptador"></property>
		<property name="packagesToScan" value="model"></property>
	</bean>
</beans>
